EmployeeID,Name,Department,Location,Experience,Salary
E001,Riya Sharma,Engineering,Surat,8,874069
E002,Divya Singh,HR,Kolkata,3,701317
E003,Kavya Nair,Engineering,Mumbai,1,985093
E004,Sneha Patel,HR,Chandigarh,8,923913
E005,Riya Sharma,Marketing,Surat,7,546342
E006,Neha Mehta,Marketing,Hyderabad,6,592022
E007,Manish Roy,Engineering,Kolkata,8,826944
E008,Simran Iyer,Marketing,Chandigarh,7,860683
E009,Simran Malhotra,Sales,Bangalore,3,869083
E010,Arjun Nair,Engineering,Kolkata,10,954523
E011,Arjun Joshi,HR,Pune,3,716859
E012,Manish Desai,HR,Kochi,9,712750
E013,Rohit Yadav,Marketing,Chennai,3,611025
E014,Kavya Patel,Sales,Hyderabad,9,632990
E015,Kavya Desai,Sales,Chandigarh,8,863125
E016,Riya Iyer,Engineering,Kochi,10,633211
E017,Tanvi Iyer,Engineering,Pune,7,646240
E018,Neha Roy,Engineering,Mumbai,10,935104
E019,Aarav Kaur,Engineering,Chandigarh,2,987734
E020,Sneha Iyer,Engineering,Mumbai,1,660559
E021,Pooja Mehta,Engineering,Ahmedabad,6,971536
E022,Kavya Verma,Marketing,Chandigarh,1,857948
E023,Ananya Kulkarni,Sales,Kolkata,9,648261
E024,Amit Sharma,HR,Kolkata,8,629007
E025,Neha Yadav,Engineering,Kochi,6,895922
E026,Aditya Pillai,Engineering,Jaipur,1,561162
E027,Aditya Reddy,Sales,Chandigarh,10,925331
E028,Raj Singh,Marketing,Hyderabad,7,534086
E029,Aarav Sharma,HR,Delhi,6,796757
E030,Meera Joshi,HR,Kochi,9,895554
E031,Manish Kulkarni,Engineering,Kochi,5,955614
E032,Karan Jain,Marketing,Delhi,4,721477
E033,Arjun Gupta,HR,Kolkata,2,517577
E034,Arjun Malhotra,Marketing,Jaipur,10,502822
E035,Ananya Verma,HR,Jaipur,3,782233
E036,Meera Mehta,HR,Jaipur,8,892800
E037,Meera Roy,HR,Kochi,3,717801
E038,Pooja Desai,Sales,Jaipur,8,652318
E039,Riya Malhotra,HR,Jaipur,8,768799
E040,Ananya Roy,Marketing,Delhi,7,760582
E041,Ananya Malhotra,Marketing,Chandigarh,3,912589
E042,Arjun Desai,Engineering,Hyderabad,6,667047
E043,Neha Gupta,Engineering,Chandigarh,1,954909
E044,Kavya Jain,Sales,Surat,7,873657
E045,Tanvi Kulkarni,Engineering,Bangalore,6,525375
E046,Raj Pillai,Engineering,Surat,7,928518
E047,Sachin Pillai,Engineering,Kolkata,2,758988
E048,Divya Sharma,Marketing,Pune,5,913286
E049,Arjun Jain,Sales,Pune,2,579208
E050,Simran Iyer,Sales,Kolkata,8,827216
E051,Tanvi Sharma,Engineering,Hyderabad,8,605499
E052,Sneha Patil,Sales,Bangalore,8,609394
E053,Simran Verma,Engineering,Kolkata,3,959542
E054,Meera Reddy,Marketing,Ahmedabad,5,567870
E055,Sachin Nair,HR,Hyderabad,2,803679
E056,Sneha Iyer,HR,Mumbai,4,821951
E057,Simran Shah,Marketing,Delhi,3,957940
E058,Tanvi Malhotra,Marketing,Delhi,9,852708
E059,Simran Jain,Engineering,Jaipur,4,588476
E060,Neha Reddy,Sales,Chennai,7,656433
E061,Rohit Pillai,Sales,Pune,10,730883
E062,Meera Patel,Engineering,Pune,2,929180
E063,Rohit Gupta,Marketing,Delhi,5,679412
E064,Ananya Shah,Sales,Kochi,6,575955
E065,Vikram Reddy,Sales,Hyderabad,7,669097
E066,Pooja Kaur,HR,Ahmedabad,6,522504
E067,Vikram Shah,HR,Hyderabad,9,751862
E068,Rohit Iyer,Marketing,Mumbai,9,534179
E069,Raj Yadav,Engineering,Jaipur,9,999222
E070,Rohit Kaur,Marketing,Surat,3,973545
E071,Rohit Gupta,Sales,Hyderabad,5,979840
E072,Arjun Pillai,Sales,Chennai,4,937544
E073,Ananya Reddy,Marketing,Chandigarh,4,605143
E074,Tanvi Gupta,Engineering,Ahmedabad,1,818851
E075,Aditya Reddy,Engineering,Surat,8,828359
E076,Aarav Desai,HR,Mumbai,10,668487
E077,Tanvi Shah,HR,Jaipur,5,729339
E078,Tanvi Singh,HR,Mumbai,3,664512
E079,Sneha Nair,Sales,Surat,5,765014
E080,Manish Verma,Sales,Chennai,6,903574
E081,Neha Nair,Sales,Ahmedabad,9,755091
E082,Sneha Singh,Marketing,Ahmedabad,8,936943
E083,Aarav Verma,HR,Chandigarh,9,637209
E084,Neha Mehta,Engineering,Chennai,10,890933
E085,Sachin Gupta,Sales,Kolkata,2,986009
E086,Simran Kaur,Sales,Mumbai,10,919099
E087,Tanvi Reddy,Marketing,Hyderabad,6,929293
E088,Raj Reddy,Marketing,Hyderabad,5,994302
E089,Raj Malhotra,HR,Kochi,4,546321
E090,Manish Mehta,Marketing,Pune,8,724477
E091,Aarav Malhotra,Engineering,Ahmedabad,5,830784
E092,Pooja Mehta,Engineering,Jaipur,3,546590
E093,Meera Gupta,Marketing,Mumbai,1,672170
E094,Aditya Shah,Sales,Chennai,3,870152
E095,Aditya Kaur,Engineering,Ahmedabad,4,837600
E096,Aditya Joshi,Sales,Bangalore,4,798417
E097,Arjun Iyer,Sales,Pune,5,656270
E098,Divya Shah,Sales,Chennai,10,565237
E099,Arjun Patel,Engineering,Kochi,4,748204
E100,Arjun Kaur,Sales,Mumbai,3,799413
E101,Pooja Jain,Engineering,Jaipur,8,637126
E102,Manish Nair,Engineering,Kochi,9,578445
E103,Karan Patil,Marketing,Mumbai,1,797892
E104,Rohit Roy,Engineering,Delhi,3,548946
E105,Manish Singh,Sales,Chandigarh,9,504524
E106,Tanvi Kaur,Marketing,Delhi,1,664640
E107,Manish Shah,Engineering,Hyderabad,7,883644
E108,Meera Nair,Engineering,Mumbai,3,735692
E109,Amit Patil,HR,Mumbai,1,578790
E110,Rohit Joshi,Marketing,Pune,3,829102
E111,Tanvi Joshi,Marketing,Mumbai,10,508443
E112,Raj Desai,Sales,Pune,8,768205
E113,Simran Desai,Marketing,Surat,5,765482
E114,Arjun Patel,Sales,Chennai,3,548627
E115,Riya Mehta,Sales,Kolkata,2,565555
E116,Riya Sharma,Marketing,Chandigarh,10,825171
E117,Karan Desai,Engineering,Surat,5,506478
E118,Simran Iyer,Marketing,Kolkata,9,684732
E119,Pooja Malhotra,Sales,Bangalore,7,787219
E120,Vikram Kulkarni,Sales,Bangalore,8,946869
E121,Karan Patel,Engineering,Pune,5,627991
E122,Raj Joshi,Sales,Bangalore,6,866496
E123,Simran Malhotra,Engineering,Jaipur,3,716601
E124,Riya Patel,Sales,Jaipur,2,785342
E125,Pooja Yadav,HR,Mumbai,1,629090
E126,Pooja Roy,Sales,Jaipur,6,570181
E127,Divya Mehta,HR,Mumbai,4,591932
E128,Aditya Kulkarni,Engineering,Kolkata,1,792487
E129,Sneha Joshi,HR,Chandigarh,5,777648
E130,Simran Malhotra,Sales,Kochi,1,645967
E131,Sneha Roy,HR,Kolkata,10,571124
E132,Riya Nair,Marketing,Surat,3,743358
E133,Sachin Kulkarni,Marketing,Bangalore,1,903600
E134,Rohit Nair,Marketing,Hyderabad,8,669085
E135,Ananya Jain,Marketing,Chandigarh,5,916375
E136,Ananya Sharma,Engineering,Pune,10,673672
E137,Divya Malhotra,HR,Pune,4,951901
E138,Tanvi Verma,Marketing,Chandigarh,3,784032
E139,Rohit Joshi,Sales,Pune,6,776508
E140,Karan Patil,HR,Surat,5,538065
E141,Arjun Kaur,Engineering,Bangalore,2,782644
E142,Vikram Verma,Sales,Pune,7,887993
E143,Manish Nair,Sales,Kolkata,8,563402
E144,Divya Gupta,HR,Pune,8,595941
E145,Divya Shah,Engineering,Chennai,10,750922
E146,Arjun Reddy,Engineering,Chandigarh,1,799578
E147,Rohit Joshi,Engineering,Pune,8,955209
E148,Sneha Roy,Sales,Chennai,8,544438
E149,Sneha Desai,HR,Pune,7,525651
E150,Ananya Kulkarni,HR,Bangalore,8,739084
E151,Rohit Verma,Sales,Pune,7,823272
E152,Aditya Joshi,Sales,Kochi,2,531594
E153,Manish Malhotra,Engineering,Hyderabad,6,841215
E154,Sachin Kaur,Sales,Kolkata,10,877420
E155,Sachin Gupta,Engineering,Hyderabad,1,564567
E156,Meera Sharma,Sales,Jaipur,1,796865
E157,Arjun Nair,Sales,Chandigarh,9,982712
E158,Arjun Singh,Sales,Kochi,2,979546
E159,Neha Mehta,Engineering,Chennai,10,762522
E160,Arjun Patel,HR,Jaipur,2,732671
E161,Raj Shah,Engineering,Delhi,10,874068
E162,Divya Roy,Sales,Surat,5,574280
E163,Neha Nair,Sales,Bangalore,9,999176
E164,Tanvi Desai,Marketing,Chandigarh,4,785839
E165,Pooja Joshi,Marketing,Pune,4,651129
E166,Meera Kaur,Marketing,Kochi,4,861616
E167,Simran Joshi,Engineering,Ahmedabad,1,915447
E168,Sneha Patel,Engineering,Ahmedabad,8,781885
E169,Manish Joshi,Sales,Mumbai,10,772478
E170,Riya Kaur,Sales,Surat,6,524207
E171,Amit Roy,Marketing,Mumbai,6,964084
E172,Aditya Iyer,Sales,Pune,4,956280
E173,Ananya Kaur,Marketing,Hyderabad,2,519511
E174,Manish Joshi,Sales,Kochi,6,647790
E175,Pooja Patel,HR,Mumbai,9,842994
E176,Kavya Pillai,Sales,Mumbai,2,512347
E177,Pooja Nair,Sales,Kolkata,2,769518
E178,Neha Gupta,HR,Chandigarh,1,892289
E179,Arjun Iyer,Marketing,Kochi,6,726163
E180,Aarav Patel,Engineering,Chandigarh,8,852231
